1	10+ Key Memory & Storage Systems: Crash Course System Design #5	4:17	lX4CrbXMsNQ
2	Everything You Need to Know About DNS: Crash Course System Design #4	5:45	27r4Bzuj5NQ
3	Latency Numbers Programmer Should Know: Crash Course System Design #1	6:22	FqR5vESuKe0
4	What Is REST API? Examples And How To Use It: Crash Course System Design #3	5:21	-mN3VyJuCjM
5	10 Key Data Structures We Use Every Day	8:43	ouipSd_5ivQ
6	Cache Systems Every Developer Should Know	5:48	dGAgxozNWFE
7	The Most Beloved Burger for Developers	3:25	7swoLEqABhQ
8	But What Is Cloud Native Really All About?	7:32	p-88GN1WVs8
9	Debugging Like A Pro	5:48	J8uAiZJMfzQ
10	Top 5 Redis Use Cases	6:28	a4yX7RUgTxI
11	CI/CD In 5 Minutes | Is It Worth The Hassle: Crash Course System Design #2	5:46	42UP1fxi2SY
12	Kubernetes Explained in 6 Minutes | k8s Architecture	6:28	TlHvYWVUZyc
13	CAP Theorem Simplified	5:33	BHqjEjzAicA
14	What is OSI Model | Real World Examples	4:45	0y6FtKsg6J4
15	What Is A CDN? How Does It Work?	4:24	RI9np1LWzqw
16	What is RPC? gRPC Introduction.	6:09	gnchfOojMk4
17	What Is GraphQL? REST vs. GraphQL	5:15	yWzKJPw_VzM
18	What is API Gateway?	3:26	6ULyxuHKxg8
19	Proxy vs Reverse Proxy (Real-world Examples)	5:17	4NB0NDtOwIQ
20	What Are Microservices Really All About? (And When Not To Use It)	4:45	lTAcCNbJ7KE
21	System Design: Why is Kafka fast?	5:02	UNUz1-msbOM
22	System Design: How to store passwords in the database?	3:44	zt8Cocdy15c
23	Big Misconceptions about Bare Metal, Virtual Machines, and Containers	7:02	Jz8Gs4UHTO8
24	HTTP/1 to HTTP/2 to HTTP/3	4:07	a-sBfyiXysI
25	System Design: Why is single-threaded Redis so fast?	3:39	5TRFpFBccQM
26	Top 7 Most-Used Distributed System Patterns	6:14	nH4qjmP2KEE
27	Secret To Optimizing SQL Queries - Understand The SQL Execution Order	5:57	BHwzDmr6d7s
28	Amazon Prime Video Ditches AWS Serverless, Saves 90%	4:15	JTp0TY_2hXM
29	Top 6 Most Popular API Architecture Styles	4:21	4vLxWqE94l4
30	Top 5 Most-Used Deployment Strategies	10:00	AWVTKBUnoIg
31	How Discord Stores TRILLIONS of Messages	7:11	O3PwuzCvAjI
32	Uncovering Stack Overflow's Shocking Architecture	4:09	fKc050dvNIE
33	OAuth 2 Explained In Simple Terms	4:32	ZV5yTm4pT8g
34	Demystifying the Unusual Evolution of the Netflix API Architecture	4:12	Uu32ggF-DWg
35	1 Year Of YouTube | Best System Design Series	1:03	q2MWdzhMq6A
36	DevOps vs SRE vs Platform Engineering | Clear Big Misconceptions	4:44	an8SrFtJBdM
37	Top 7 Ways to 10x Your API Performance	6:05	zvWKqUiovAM
38	Why Google and Meta Put Billion Lines of Code In 1 Repository?	7:09	x3cANGNPyx0
39	Git MERGE vs REBASE: Everything You Need to Know	4:34	0chZFIZLR_0
40	Top 6 Load Balancing Algorithms Every Developer Should Know	5:18	dBmxNsS3BGE
41	System Design: Apache Kafka In 3 Minutes	3:46	HZklgPkboro
42	Software Engineer Promo is SUPER easy - DO THIS	4:14	OTfYFl3rzjg
43	Is Docker Still Relevant?	3:46	Cs2j-Rjqg94
44	HTTP Status Codes Explained In 5 Minutes	5:07	qmpUfWN7hh4
45	Python Vs C++ Vs Java!	4:41	hnlz0YYCpBU
46	How Big Tech Ships Code to Production	4:28	xSPA2yBgDgA
47	How Git Works: Explained in 4 Minutes	4:18	e9lnsKot_SQ
48	Why is JWT popular?	5:14	P2CPd9ynFLg
49	How Does Linux Boot Process Work?	4:44	XpFsMB6FoOs
50	Vertical Vs Horizontal Scaling: Key Differences You Should Know	4:34	dvRFHG2-uYs
51	Top 9 Most Popular Types of API Testing	4:08	qquIJ1Ivusg
52	Everything You NEED to Know About Client Architecture Patterns	5:51	I5c7fBgvkNY
53	Linux File System Explained!	5:16	bbmWOjuFmgA
54	How Disney Hotstar Captures One Billion Emojis!	4:35	UN1kW5AHid4
55	Top 6 Tools to Turn Code into Beautiful Diagrams	3:24	jCd6XfWLZsg
56	Top 3 Things You Should Know About Webhooks!	3:55	x_jjhcDrISk
57	Caching Pitfalls Every Developer Should Know	6:41	wh98s0XhMmQ
58	Reverse Proxy vs API Gateway vs Load Balancer	3:06	RqfaTIWc3LQ
59	System Design: Why is Kafka so Popular?	4:20	yIAcHMJzqJc
60	ACID Properties in Databases With Examples	4:57	GAe5oB742dw
61	Top 12 Tips For API Security	9:47	6WZ6S-qmtqY
62	Top 9 Must-Read Blogs for Engineers	5:55	UuT61kf292A
63	Top 9 Most Popular API Protocols	3:54	zY2DMpCUfCg
64	Do You Know How Mobile Apps Are Released?	5:00	RIX4ufelA58
65	KISS, SOLID, CAP, BASE: Important Terms You Might Not Know!	6:38	cTyZ_hbmbDw
66	What is Data Pipeline? | Why Is It So Popular?	5:25	kGT4PcTEPP8
67	Kafka vs. RabbitMQ vs. Messaging Middleware vs. Pulsar	4:31	x4k1XEjNzYQ
68	7 Must-know Strategies to Scale Your Database	8:42	_1IKwnbscQU
69	Concurrency Vs Parallelism!	4:13	RlM9AfWf1WU
70	Linux Crash Course - Understanding File Permissions	4:32	4N4Q576i3zA
71	Session Vs JWT: The Differences You May Not Know!	7:00	fyTxwIa-1U0
72	25 Computer Papers You Should Read!	9:11	_kynGl5hr9U
73	Linux Performance Tools!	6:41	iJ_eIsA5E1U
74	How the Internet Works in 9 Minutes	9:15	sMHzfigUxz4
75	HTTP 1 Vs HTTP 2 Vs HTTP 3!	7:37	UMwQjFzTQXw
76	How Search Really Works	9:18	TByRaraQqW4
77	Top Kafka Use Cases You Should Know	5:56	Ajz6dBp_EB4
78	Why is Kubernetes Popular | What is Kubernetes?	9:52	lv0DdVLZuHc
79	Scalability Simply Explained in 10 Minutes	9:20	EWS_CIxttVw
80	Everything You NEED to KNOW About Web Applications	3:03	_higfXfhjdo
81	How SSH Really Works	4:05	rlMfRa7vfO8
82	Big-O Notation in 3 Minutes	3:04	x2CRZaN2xgM
83	API Pagination: Making Billions of Products Scrolling Possible	3:12	14K_a2kKTxU
84	Apache Kafka Fundamentals You Should Know	4:55	-RDyEFvnTXI
85	8 Most Important System Design Concepts You Should Know	6:05	BTjxUS_PylA
86	API Vs SDK! What's the difference?	4:52	GhX8sNyFo5w
87	What is a LOAD BALANCER really about?	6:45	LQuuoHTyYz8
88	System Design: Why Is Docker Important?	4:02	QEzbZKtLi-g
89	How the Garbage Collector Works in Java, Python, and Go!	5:09	3Kqal7QaCCM
90	8 Most Important Tips for Designing Fault-Tolerant System	5:11	3Lis4w4_bBc
91	Top 6 Most Popular API Architecture Styles	1:14	PNRbanEKGtw
92	System Design Was HARD - Until You Knew the Trade-Offs	5:09	1nENigGr-a0
93	System Design Was HARD - Until You Knew the Trade-Offs, Part 2	6:12	2g1G8Jr88xU
94	APIs Explained in 6 Minutes!	6:41	hltLrjabkiY
95	Trillions of Web Pages: Where Does Google Store Them?	8:36	nBvDtj-p6VM
96	7 System Design Concepts Explained in 10 Minutes	10:44	Qd9tJ3H_hPE
97	20 System Design Concepts You Must Know - Final Part	9:25	uq-JpclPQV4
98	System Design Interview – BIGGEST Mistakes to Avoid	6:48	OvufRkoD-D0
99	System Design: Why is Kafka Popular?	7:41	7_wkWQ9rB5I
100	What Is Redis Really About? Why Is It So Popular?	9:01	z_NbVtbgBJw
101	What is a Data Lakehouse?	6:59	taSmwcqdkQk
102	HTTP vs HTTPS Explained	7:11	WvSVSbGo0wI
103	How the JVM Actually Works	6:43	bF28LFPjFsI
